<?xml version="1.0" encoding="UTF-8" ?>
<LightningComponentBundle xmlns="http://soap.sforce.com/2006/04/metadata">
    <isExposed>false</isExposed>
    <targets>
        <target>lightningCommunity__Page</target>
        <target>lightningCommunity__Default</target>
    </targets>
    <masterLabel>Custom Search Filters</masterLabel>
    <description>Displays the search filters.</description>
    <targetConfigs>
        <targetConfig targets="lightningCommunity__Default">
            <property name="searchResults" type="String" default="{!Search.Results}" />
        </targetConfig>
    </targetConfigs>
</LightningComponentBundle>