<?xml version="1.0" encoding="UTF-8"?>
<LightningComponentBundle xmlns="http://soap.sforce.com/2006/04/metadata">
    <apiVersion>59.0</apiVersion>
    <isExposed>true</isExposed>
    <masterLabel>B2B Custom Tabs for PDP</masterLabel>
    <targets>
        <target>lightningCommunity__Page</target>
      	<target>lightningCommunity__Default</target>
      	<target>lightning__HomePage</target>
    </targets>
    <targetConfigs>
        <targetConfig targets="lightningCommunity__Default, lightning__HomePage">
            <property label="Display text" name="displayText" type="String" default="Welcome Back" />
        </targetConfig>
    </targetConfigs>
</LightningComponentBundle>