<?xml version="1.0" encoding="UTF-8" ?>
<LightningComponentBundle xmlns="http://soap.sforce.com/2006/04/metadata">
    <apiVersion>59.0</apiVersion>
    <isExposed>true</isExposed>
    <masterLabel>B2B Search Product</masterLabel>
    <targets>
        <target>lightningCommunity__Page</target>
        <target>lightningCommunity__Default</target>
    </targets>
    <targetConfigs>
        <targetConfig targets="lightningCommunity__Default">
            <property
                name="resultsLayout"
                label="Results Layout"
                type="String"
                default="List"
                datasource="List,Structures"
            />
            <property
                name="showProductImage"
                label="Show Product Image"
                type="Boolean"
                default="true"
            />
        </targetConfig>
    </targetConfigs>
</LightningComponentBundle>