<?xml version="1.0" encoding="UTF-8" ?>
<LightningComponentBundle xmlns="http://soap.sforce.com/2006/04/metadata">
    <isExposed>true</isExposed>
    <targets>
        <target>lightningCommunity__Page</target>
        <target>lightningCommunity__Default</target>
    </targets>
    <masterLabel>B2B Custom Search Container</masterLabel>
    <description>Displays the search results and uses custom sorting/filtering.</description>
    <targetConfigs>
        <targetConfig targets="lightningCommunity__Default">
            <property name="searchResults" type="String" default="{!Search}" />
            <property name="searchResultsFields" type="String" default="{!Search.Name}" />
            <property name="sortRules" type="String" default="{!Search.SortRules.rules}" />
            <property name="recordId" type="String" label="Record Id" description="The category ID of the results being displayed" default="{!recordId}"/>
            <property name="term" type="String" label="Search Term" description="Automatically bind the page's search term to the component variable" default="{!term}"/>
            <property name="sortRuleId" type="String" default="{!Search.SortRules.currentSortRuleId}" />
            <property name="resultsLayout" type="String" default="list" datasource="grid,list" />
            <property name="gridMaxColumnsDisplayed" type="String" default="3" datasource="1,2,3,4,5,6,7,8" />
            <property name="gridColumnSpacing" type="String" default="small" datasource="none,small,medium,large" />
            <property name="gridRowSpacing" type="String" default="small" datasource="none,small,medium,large" />
            <property name="listRowSpacing" type="String" default="small" datasource="none,small,medium,large" />
            <property name="currentPage" type="String" default="{!Search.Pagination.currentPage}" />
            <property name="cardBackgroundColor" type="Color" />
            <property name="cardBorderColor" type="Color" />
            <property name="cardBorderRadius" type="String" default="1" datasource="1,2,3,4,5,6,7,8" />
            <property name="cardAlignment" type="String" default="left" datasource="left,center,right" />
            <property name="cardDividerColor" type="Color" />
            <property name="showProductImage" type="Boolean" default="true" />
            <property name="showNegotiatedPrice" type="Boolean" default="true" />
            <property name="showOriginalPrice" type="Boolean" default="true" />
            <property name="negotiatedPriceTextColor" type="Color" />
            <property name="negotiatedPriceTextSize" type="String" default="medium" datasource="small,medium,large" />
            <property name="originalPriceTextColor" type="Color" />
            <property name="originalPriceTextSize" type="String" default="medium" datasource="small,medium,large" />

            <!-- Card Content Mapping-->
            <property
                name="cardContentMapping"
                type="String"
                default='[{"name": "Name", "showLabel": false, "label": "Product Name", "fontSize": "medium"},{"name": "StockKeepingUnit", "showLabel": true, "label": "Catalog Number", "fontSize": "medium"},{"name": "CAS__c", "showLabel": true, "label": "CAS Number", "fontSize": "medium"}]'
            />

            <!-- Call to Action Section -->
            <property name="showCallToActionButton" type="Boolean" default="false" />
            <property
                name="addToCartButtonStyle"
                type="String"
                default="primary"
                datasource=",primary,secondary,tertiary"
            />
            <property name="addToCartButtonText" type="String" translatable="true" default="Add to cart" />
            <property name="addToCartButtonProcessingText" type="String" translatable="true" default="Adding..." />
            <property name="viewOptionsButtonText" type="String" translatable="true" default="View options" />
        </targetConfig>
    </targetConfigs>
</LightningComponentBundle>