<?xml version="1.0" encoding="UTF-8"?>
<LightningComponentBundle xmlns="http://soap.sforce.com/2006/04/metadata">
    <apiVersion>59.0</apiVersion>
    <isExposed>true</isExposed>
    <masterLabel>Request Quote</masterLabel>
    <targets>
        <target>lightningCommunity__Default</target>
        <target>lightningCommunity__Page</target>
        <target>lightning__AppPage</target>
        <target>lightning__HomePage</target>
    </targets>
    <targetConfigs>
        <targetConfig targets="lightningCommunity__Default">
            <property name="productDetails" type="String" default="{!Product.Details}" />
        </targetConfig>
    </targetConfigs>
</LightningComponentBundle>